[
  {"name_ru": "Россия", "name_en": "Russia", "slug": "rossiya"},
  {"name_ru": "Москва", "name_en": "Moscow", "slug": "moskva"},
  {"name_ru": "Санкт-Петербург", "name_en": "Saint Petersburg", "slug": "sankt-peterburg"},
  {"name_ru": "Новосибирск", "name_en": "Novosibirsk", "slug": "novosibirsk"},
  {"name_ru": "Екатеринбург", "name_en": "Yekaterinburg", "slug": "ekaterinburg"},
  {"name_ru": "Казань", "name_en": "Kazan", "slug": "kazan"},
  {"name_ru": "Нижний Новгород", "name_en": "Nizhny Novgorod", "slug": "nizhniy_novgorod"},
  {"name_ru": "Челябинск", "name_en": "Chelyabinsk", "slug": "chelyabinsk"},
  {"name_ru": "Красноярск", "name_en": "Krasnoyarsk", "slug": "krasnoyarsk"},
  {"name_ru": "Самара", "name_en": "Samara", "slug": "samara"},
  {"name_ru": "Уфа", "name_en": "Ufa", "slug": "ufa"},
  {"name_ru": "Ростов-на-Дону", "name_en": "Rostov-on-Don", "slug": "rostov-na-donu"},
  {"name_ru": "Омск", "name_en": "Omsk", "slug": "omsk"},
  {"name_ru": "Краснодар", "name_en": "Krasnodar", "slug": "krasnodar"},
  {"name_ru": "Воронеж", "name_en": "Voronezh", "slug": "voronezh"},
  {"name_ru": "Пермь", "name_en": "Perm", "slug": "perm"},
  {"name_ru": "Волгоград", "name_en": "Volgograd", "slug": "volgograd"},
  {"name_ru": "Саратов", "name_en": "Saratov", "slug": "saratov"},
  {"name_ru": "Тюмень", "name_en": "Tyumen", "slug": "tyumen"},
  {"name_ru": "Тольятти", "name_en": "Tolyatti", "slug": "tolyatti"},
  {"name_ru": "Барнаул", "name_en": "Barnaul", "slug": "barnaul"},
  {"name_ru": "Ижевск", "name_en": "Izhevsk", "slug": "izhevsk"},
  {"name_ru": "Махачкала", "name_en": "Makhachkala", "slug": "mahachkala"},
  {"name_ru": "Хабаровск", "name_en": "Khabarovsk", "slug": "habarovsk"},
  {"name_ru": "Ульяновск", "name_en": "Ulyanovsk", "slug": "ulyanovsk"},
  {"name_ru": "Иркутск", "name_en": "Irkutsk", "slug": "irkutsk"},
  {"name_ru": "Владивосток", "name_en": "Vladivostok", "slug": "vladivostok"},
  {"name_ru": "Ярославль", "name_en": "Yaroslavl", "slug": "yaroslavl"},
  {"name_ru": "Кемерово", "name_en": "Kemerovo", "slug": "kemerovo"},
  {"name_ru": "Томск", "name_en": "Tomsk", "slug": "tomsk"},
  {"name_ru": "Набережные Челны", "name_en": "Naberezhnye Chelny", "slug": "naberezhnye_chelny"},
  {"name_ru": "Ставрополь", "name_en": "Stavropol", "slug": "stavropol"},
  {"name_ru": "Оренбург", "name_en": "Orenburg", "slug": "orenburg"},
  {"name_ru": "Рязань", "name_en": "Ryazan", "slug": "ryazan"},
  {"name_ru": "Пенза", "name_en": "Penza", "slug": "penza"},
  {"name_ru": "Липецк", "name_en": "Lipetsk", "slug": "lipetsk"},
  {"name_ru": "Калининград", "name_en": "Kaliningrad", "slug": "kaliningrad"},
  {"name_ru": "Астрахань", "name_en": "Astrakhan", "slug": "astrahan"},
  {"name_ru": "Тула", "name_en": "Tula", "slug": "tula"},
  {"name_ru": "Киров", "name_en": "Kirov", "slug": "kirov"},
  {"name_ru": "Сочи", "name_en": "Sochi", "slug": "sochi"},
  {"name_ru": "Тверь", "name_en": "Tver", "slug": "tver"},
  {"name_ru": "Сургут", "name_en": "Surgut", "slug": "surgut"},
  {"name_ru": "Владимир", "name_en": "Vladimir", "slug": "vladimir"},
  {"name_ru": "Белгород", "name_en": "Belgorod", "slug": "belgorod"},
  {"name_ru": "Калуга", "name_en": "Kaluga", "slug": "kaluga"},
  {"name_ru": "Чита", "name_en": "Chita", "slug": "chita"},
  {"name_ru": "Грозный", "name_en": "Grozny", "slug": "grozniy"},
  {"name_ru": "Смоленск", "name_en": "Smolensk", "slug": "smolensk"},
  {"name_ru": "Вологда", "name_en": "Vologda", "slug": "vologda"},
  {"name_ru": "Курган", "name_en": "Kurgan", "slug": "kurgan"},
  {"name_ru": "Архангельск", "name_en": "Arkhangelsk", "slug": "arhangelsk"},
  {"name_ru": "Мурманск", "name_en": "Murmansk", "slug": "murmansk"},
  {"name_ru": "Петрозаводск", "name_en": "Petrozavodsk", "slug": "petrozavodsk"},
  {"name_ru": "Великий Новгород", "name_en": "Veliky Novgorod", "slug": "velikiy_novgorod"},
  {"name_ru": "Псков", "name_en": "Pskov", "slug": "pskov"},
  {"name_ru": "Якутск", "name_en": "Yakutsk", "slug": "yakutsk"},
  {"name_ru": "Благовещенск", "name_en": "Blagoveshchensk", "slug": "blagoveschensk"},
  {"name_ru": "Южно-Сахалинск", "name_en": "Yuzhno-Sakhalinsk", "slug": "yuzhno-sahalinsk"},
  {"name_ru": "Петропавловск-Камчатский", "name_en": "Petropavlovsk-Kamchatsky", "slug": "petropavlovsk-kamchatskiy"},
  {"name_ru": "Магадан", "name_en": "Magadan", "slug": "magadan"},
  {"name_ru": "Нарьян-Мар", "name_en": "Naryan-Mar", "slug": "naryan-mar"},
  {"name_ru": "Анадырь", "name_en": "Anadyr", "slug": "anadyr"}
]
